{
  "project_info": {
    "project_number": "971108186256",
    "project_id": "netflixmood-644fb",
    "storage_bucket": "netflixmood-644fb.appspot.com"
  },
  "client": [
    {
      "client_info": {
        "mobilesdk_app_id": "1:971108186256:android:9b1b27f7608709ca1d8015",
        "android_client_info": {
          "package_name": "com.example.netflixmood"
        }
      },
      "oauth_client": [
        {
          "client_id": "971108186256-lvglibj451es7gt01qkcotfquuur8vl1.apps.googleusercontent.com",
          "client_type": 3
        }
      ],
      "api_key": [
        {
          "current_key": "AIzaSyCMYCuGPFTTcOmcspIRr4zp4rLWtTABL4Q"
        }
      ],
      "services": {
        "appinvite_service": {
          "other_platform_oauth_client": [
            {
              "client_id": "971108186256-lvglibj451es7gt01qkcotfquuur8vl1.apps.googleusercontent.com",
              "client_type": 3
            }
          ]
        }
      }
    }
  ],
  "configuration_version": "1"
}